Procedure,Type,AllowedCost
Any,Preferred,3248.3570765056165
Any,Preferred,2930.867849414408
Any,Preferred,3323.844269050346
Any,Preferred,3761.514928204013
Any,Preferred,2882.923312638332
Any,Preferred,2882.9315215254096
Any,Preferred,3789.6064077536957
Any,Preferred,3383.717364576454
Any,Preferred,2765.262807032524
Any,Preferred,3271.2800217929826
Any,Preferred,2768.2911535937687
Any,Preferred,2767.135123214872
Any,Preferred,3120.981135783017
Any,Preferred,2043.359877671101
Any,Preferred,2137.541083743484
Any,Preferred,2718.8562353795137
Any,Preferred,2493.584439832788
Any,Preferred,3157.123666297637
Any,Preferred,2545.9879622393946
Any,Preferred,2293.8481493323543
Any,Preferred,3732.824384460777
Any,Preferred,2887.111849756732
Any,Preferred,3033.764102343962
Any,Preferred,2287.6259068932713
Any,Preferred,2727.808637737409
Any,Preferred,3055.461294854933
Any,Preferred,2424.5032112888484
Any,Preferred,3187.849009172836
Any,Preferred,2699.6806550405977
Any,Preferred,2854.1531251033616
Any,Preferred,2699.1466938853014
Any,Preferred,3926.139092254469
Any,Preferred,2993.251387631033
Any,Preferred,2471.14453552205
Any,Preferred,3411.2724560515944
Any,Preferred,2389.578175014489
Any,Preferred,3104.431797502378
Any,Preferred,2020.1649380601123
Any,Preferred,2335.906975550785
Any,Preferred,3098.4306179345617
Any,Preferred,3369.2332899977055
Any,Preferred,3085.6841405949854
Any,Preferred,2942.1758588058797
Any,Preferred,2849.4481522053557
Any,Preferred,2260.739004816286
Any,Preferred,2640.077895802646
Any,Preferred,2769.6806145201062
Any,Preferred,3528.561113109458
Any,Preferred,3171.8091447842307
Any,Preferred,2118.479922318633
Any,Preferred,3162.0419846973973
Any,Preferred,2807.458859791842
Any,Preferred,2661.5389998470205
Any,Preferred,3305.8381444204338
Any,Preferred,3515.4997612479756
Any,Preferred,3465.6400595580994
Any,Preferred,2580.391238388681
Any,Preferred,2845.393812074393
Any,Preferred,3165.631715701782
Any,Preferred,3487.7725635611796
Any,Preferred,2760.412881077355
Any,Preferred,2907.1705116680914
Any,Preferred,2446.8325129969858
Any,Preferred,2401.8966879596646
Any,Preferred,3406.262911197099
Any,Preferred,3678.1200142854113
Any,Preferred,2963.994939209833
Any,Preferred,3501.766448946012
Any,Preferred,3180.818012523817
Any,Preferred,2677.440122697438
Any,Preferred,3180.697802754207
Any,Preferred,3769.0182832329847
Any,Preferred,2982.0869804450244
Any,Preferred,3782.3218279070034
Any,Preferred,1690.1274479551278
Any,Preferred,3410.9512521876118
Any,Preferred,3043.5235341190855
Any,Preferred,2850.496324767066
Any,Preferred,3045.880388267751
Any,Preferred,2006.2155426995537
Any,Preferred,2890.164056081244
Any,Preferred,3178.5562857558734
Any,Preferred,3738.947022370758
Any,Preferred,2740.8648908631762
Any,Preferred,2595.753198553406
Any,Preferred,2749.121478207732
Any,Preferred,3457.701058851037
Any,Preferred,3164.3755548298423
Any,Preferred,2735.1198981164807
Any,Preferred,3256.633716556678
Any,Preferred,3048.5387746740203
Any,Preferred,3484.3224952664445
Any,Preferred,2648.9734530613237
Any,Preferred,2836.168926701116
Any,Preferred,2803.945923433921
Any,Preferred,2268.2425259339407
Any,Preferred,3148.060138532288
Any,Preferred,3130.5276360899447
Any,Preferred,3002.5567283212304
Any,Preferred,2882.7064333124267
Any,Non-Preferred,3298.854296072705
Any,Non-Preferred,3895.689547643738
Any,Non-Preferred,3942.4480313868917
Any,Non-Preferred,3666.710379769982
Any,Non-Preferred,4051.305314303348
Any,Non-Preferred,4390.507255391676
Any,Non-Preferred,5279.788282029272
Any,Non-Preferred,4252.823429002056
Any,Non-Preferred,4302.606975736612
Any,Non-Preferred,4103.409191843253
Any,Non-Preferred,2996.8140121235283
Any,Non-Preferred,4132.1684160334235
Any,Non-Preferred,4184.214867267569
Any,Non-Preferred,5626.022008794125
Any,Non-Preferred,4032.6601624342798
Any,Non-Preferred,4329.005146703121
Any,Non-Preferred,4127.249679479807
Any,Non-Preferred,3446.869918731234
Any,Non-Preferred,4833.770430011966
Any,Non-Preferred,4599.236560915018
Any,Non-Preferred,4622.695909528782
Any,Non-Preferred,3602.4442684261103
Any,Non-Preferred,4989.753327864613
Any,Non-Preferred,3306.9661036275847
Any,Non-Preferred,4500.190997583116
Any,Non-Preferred,5462.350116788941
Any,Non-Preferred,3553.7549462245406
Any,Non-Preferred,3808.2981035412904
Any,Non-Preferred,4207.867560355538
Any,Non-Preferred,3845.991348833234
Any,Non-Preferred,3217.678682663274
Any,Non-Preferred,4189.21452618657
Any,Non-Preferred,3510.6945130672902
Any,Non-Preferred,4432.232199684062
Any,Non-Preferred,3596.4222007626713
Any,Non-Preferred,5078.037384313477
Any,Non-Preferred,3678.124765901211
Any,Non-Preferred,3954.839831579548
Any,Non-Preferred,4636.187071724756
Any,Non-Preferred,3409.5581514425803
Any,Non-Preferred,4284.552702065431
Any,Non-Preferred,4932.36239387241
Any,Non-Preferred,3183.586800566217
Any,Non-Preferred,4258.8570564223355
Any,Non-Preferred,4304.006417852008
Any,Non-Preferred,4617.170464369339
Any,Non-Preferred,3405.9063147761044
Any,Non-Preferred,3355.8027734523876
Any,Non-Preferred,4461.241680673092
Any,Non-Preferred,4326.267545242865
Any,Non-Preferred,4298.37245151048
Any,Non-Preferred,4355.945667001139
Any,Non-Preferred,3740.061908355859
Any,Non-Preferred,4287.428959599556
Any,Non-Preferred,4323.920225282162
Any,Non-Preferred,3719.4658904871326
Any,Non-Preferred,5267.541447989807
Any,Non-Preferred,4432.376493850026
Any,Non-Preferred,3433.294642981364
Any,Non-Preferred,4542.008906483251
Any,Non-Preferred,3563.2677391665607
Any,Non-Preferred,4620.327503548425
Any,Non-Preferred,4843.234088707396
Any,Non-Preferred,3655.667350291927
Any,Non-Preferred,4726.102418849547
Any,Non-Preferred,4395.745297464852
Any,Non-Preferred,4641.312837299647
Any,Non-Preferred,5286.152530895322
Any,Non-Preferred,4000.8438717012314
Any,Non-Preferred,3695.83504268846
Any,Non-Preferred,3614.3680835276396
Any,Non-Preferred,3658.5905703236904
Any,Non-Preferred,4101.815715654491
Any,Non-Preferred,4352.76792619294
Any,Non-Preferred,4314.091220900965
Any,Non-Preferred,4644.386690724567
Any,Non-Preferred,4155.877876429698
Any,Non-Preferred,5020.197187597343
Any,Non-Preferred,3989.2826413601797
Any,Non-Preferred,5780.1782412567245
Any,Non-Preferred,4523.477149961957
Any,Non-Preferred,3633.782207453184
Any,Non-Preferred,3505.5412424662863
Any,Non-Preferred,4437.560190448865
Any,Non-Preferred,4013.999070107443
Any,Non-Preferred,4576.477037758209
Any,Non-Preferred,4432.019316047081
Any,Non-Preferred,4104.379393708829
Any,Non-Preferred,3640.0005104619104
Any,Non-Preferred,3239.168406491435
Any,Non-Preferred,3880.1677700627406
Any,Non-Preferred,4661.916017897037
Any,Non-Preferred,4276.5329877810755
Any,Non-Preferred,3400.6334740757607
Any,Non-Preferred,4251.985296813663
Any,Non-Preferred,4379.267169140256
Any,Non-Preferred,3617.7622795822735
Any,Non-Preferred,4240.31180487027
Any,Non-Preferred,4183.001972370554
Any,Non-Preferred,3462.2945626045794
X-Ray,Preferred,3178.8936801741415
X-Ray,Preferred,3280.3922631841174
X-Ray,Preferred,3541.5256215876384
X-Ray,Preferred,3526.9010260174514
X-Ray,Preferred,2311.1653160214546
X-Ray,Preferred,2531.0874800424385
X-Ray,Preferred,3257.51763360433
X-Ray,Preferred,3256.8929754561045
X-Ray,Preferred,3257.523843153024
X-Ray,Preferred,4926.365745327361
X-Ray,Preferred,3285.4452553465835
X-Ray,Preferred,3567.7828200902995
X-Ray,Preferred,3477.0008817466014
X-Ray,Preferred,3325.6956256528993
X-Ray,Preferred,2842.3653776798274
X-Ray,Preferred,3379.4846102466336
X-Ray,Preferred,2613.587392731214
X-Ray,Preferred,2881.5906966299954
X-Ray,Preferred,2757.3182260854483
X-Ray,Preferred,3040.9370696931614
X-Ray,Preferred,4157.329283336754
X-Ray,Preferred,2066.367403704126
X-Ray,Preferred,3343.1300951872568
X-Ray,Preferred,2193.642064405174
X-Ray,Preferred,2764.034067105283
X-Ray,Preferred,3544.475298483683
X-Ray,Preferred,3032.1400095477316
X-Ray,Preferred,2461.127611035347
X-Ray,Preferred,2642.348145370016
X-Ray,Preferred,3339.798874467338
X-Ray,Preferred,2634.816684141432
X-Ray,Preferred,3108.2292947909873
X-Ray,Preferred,3022.785919951907
X-Ray,Preferred,2674.1998261970916
X-Ray,Preferred,4071.972044662663
X-Ray,Preferred,3316.9595111590056
X-Ray,Preferred,1987.4287066711963
X-Ray,Preferred,3093.227157384714
X-Ray,Preferred,2669.106767615806
X-Ray,Preferred,3426.216667398112
X-Ray,Preferred,2603.73963078365
X-Ray,Preferred,2942.6317792665504
X-Ray,Preferred,3252.4936394902284
X-Ray,Preferred,3432.8775970850606
X-Ray,Preferred,2399.851796472112
X-Ray,Preferred,2832.7493820795257
X-Ray,Preferred,2762.527344419522
X-Ray,Preferred,2673.335383713144
X-Ray,Preferred,3882.7271201405483
X-Ray,Preferred,3202.490855480478
X-Ray,Preferred,2369.5580228324775
X-Ray,Preferred,3458.9309735273882
X-Ray,Preferred,4061.0780985063166
X-Ray,Preferred,3516.2326302755737
X-Ray,Preferred,2240.3150170229933
X-Ray,Preferred,2757.8829635668744
X-Ray,Preferred,3633.455574593311
X-Ray,Preferred,2646.1652671906095
X-Ray,Preferred,3221.909714073114
X-Ray,Preferred,3387.3170267146684
X-Ray,Preferred,2536.5347642109587
X-Ray,Preferred,2970.2373219691
X-Ray,Preferred,1379.3663299654638
X-Ray,Preferred,2487.806179332855
X-Ray,Preferred,2873.71592430342
X-Ray,Preferred,2376.1084090175755
X-Ray,Preferred,3816.2056519658177
X-Ray,Preferred,2284.9293110196836
X-Ray,Preferred,2779.977756651508
X-Ray,Preferred,3065.3702886430456
X-Ray,Preferred,3720.6366445330577
X-Ray,Preferred,2282.0689244102805
X-Ray,Preferred,3581.58187607748
X-Ray,Preferred,3005.1165305097934
X-Ray,Preferred,2509.2456744760248
X-Ray,Preferred,3231.0517371316355
X-Ray,Preferred,3099.529847786735
X-Ray,Preferred,2699.8915614206026
X-Ray,Preferred,3034.9010424950093
X-Ray,Preferred,2807.34320156912
X-Ray,Preferred,3056.758672625624
X-Ray,Preferred,3331.0653372605234
X-Ray,Preferred,3793.008408072676
X-Ray,Preferred,2381.0922505865756
X-Ray,Preferred,4066.5166873281332
X-Ray,Preferred,2023.956100238749
X-Ray,Preferred,2924.1074524822084
X-Ray,Preferred,3294.1586032422883
X-Ray,Preferred,3140.495933867516
X-Ray,Preferred,2688.650240089703
X-Ray,Preferred,2895.9388748213623
X-Ray,Preferred,2753.4995326705834
X-Ray,Preferred,2705.317621527894
X-Ray,Preferred,3424.8010485105124
X-Ray,Preferred,3178.5077429825237
X-Ray,Preferred,2653.545202369673
X-Ray,Preferred,3449.799937716625
X-Ray,Preferred,3153.649760438305
X-Ray,Preferred,3406.43105941948
X-Ray,Preferred,3314.8144209618063
X-Ray,Non-Preferred,3735.05111999698
X-Ray,Non-Preferred,3896.3395024320416
X-Ray,Non-Preferred,4680.824289624181
X-Ray,Non-Preferred,4598.670285810303
X-Ray,Non-Preferred,4219.907170171735
X-Ray,Non-Preferred,4302.844556535493
X-Ray,Non-Preferred,4999.047064023279
X-Ray,Non-Preferred,3877.5052932487256
X-Ray,Non-Preferred,4560.706555252246
X-Ray,Non-Preferred,4111.132535089887
X-Ray,Non-Preferred,4101.839404613891
X-Ray,Non-Preferred,4891.714237742538
X-Ray,Non-Preferred,4727.697935943042
X-Ray,Non-Preferred,4720.553908150607
X-Ray,Non-Preferred,5015.735410842821
X-Ray,Non-Preferred,4245.0504315298795
X-Ray,Non-Preferred,4641.619909327202
X-Ray,Non-Preferred,4046.28807259415
X-Ray,Non-Preferred,4426.947938043289
X-Ray,Non-Preferred,4154.362293929613
X-Ray,Non-Preferred,4290.645705545854
X-Ray,Non-Preferred,4589.542341812372
X-Ray,Non-Preferred,3741.51571661014
X-Ray,Non-Preferred,5487.8804919614995
X-Ray,Non-Preferred,3628.8376976504023
X-Ray,Non-Preferred,3503.9349588775844
X-Ray,Non-Preferred,4927.314650650264
X-Ray,Non-Preferred,4707.4457429279855
X-Ray,Non-Preferred,4606.920016781517
X-Ray,Non-Preferred,4609.455432108792
X-Ray,Non-Preferred,4225.100062842075
X-Ray,Non-Preferred,3694.0955036587247
X-Ray,Non-Preferred,4277.93086146646
X-Ray,Non-Preferred,3826.1510996429565
X-Ray,Non-Preferred,4817.519966600874
X-Ray,Non-Preferred,4144.21369764894
X-Ray,Non-Preferred,3737.149808474717
X-Ray,Non-Preferred,4039.6166215584276
X-Ray,Non-Preferred,4480.206999115599
X-Ray,Non-Preferred,3894.213394867839
X-Ray,Non-Preferred,3739.115889210365
X-Ray,Non-Preferred,4378.660453445371
X-Ray,Non-Preferred,4379.428069215457
X-Ray,Non-Preferred,3928.282221327546
X-Ray,Non-Preferred,3949.82514317923
X-Ray,Non-Preferred,4371.678088964805
X-Ray,Non-Preferred,3363.597521651829
X-Ray,Non-Preferred,3387.9698619242904
X-Ray,Non-Preferred,3801.381593798762
X-Ray,Non-Preferred,4104.379835523116
X-Ray,Non-Preferred,4418.992665909026
X-Ray,Non-Preferred,5117.661856719955
X-Ray,Non-Preferred,4747.043900471435
X-Ray,Non-Preferred,4136.485008572167
X-Ray,Non-Preferred,4221.038401808611
X-Ray,Non-Preferred,3630.930507767538
X-Ray,Non-Preferred,4221.340244954789
X-Ray,Non-Preferred,4059.2529431981407
X-Ray,Non-Preferred,4426.079262753077
X-Ray,Non-Preferred,3736.10956041883
X-Ray,Non-Preferred,4544.056035094927
X-Ray,Non-Preferred,5152.091474351771
X-Ray,Non-Preferred,4167.192037476109
X-Ray,Non-Preferred,4473.475159809588
X-Ray,Non-Preferred,4646.534521576891
X-Ray,Non-Preferred,3991.7158434187218
X-Ray,Non-Preferred,4366.903615636474
X-Ray,Non-Preferred,4240.0035670193
X-Ray,Non-Preferred,4291.053785679523
X-Ray,Non-Preferred,3768.6422562369435
X-Ray,Non-Preferred,4247.154231105589
X-Ray,Non-Preferred,4531.247101297494
X-Ray,Non-Preferred,5103.1342912272485
X-Ray,Non-Preferred,4808.010622201347
X-Ray,Non-Preferred,5524.357601057158
X-Ray,Non-Preferred,3772.039588817394
X-Ray,Non-Preferred,4755.840508582631
X-Ray,Non-Preferred,4342.453329993235
X-Ray,Non-Preferred,5546.329886480827
X-Ray,Non-Preferred,3747.4691553371326
X-Ray,Non-Preferred,3728.615021241758
X-Ray,Non-Preferred,3872.81253928381
X-Ray,Non-Preferred,2958.1106919643394
X-Ray,Non-Preferred,3916.995113541767
X-Ray,Non-Preferred,3776.968529618005
X-Ray,Non-Preferred,4322.684398435948
X-Ray,Non-Preferred,4437.501712016519
X-Ray,Non-Preferred,5358.1506300797555
X-Ray,Non-Preferred,4802.702429461854
X-Ray,Non-Preferred,3886.3059331527816
X-Ray,Non-Preferred,3693.3993237412087
X-Ray,Non-Preferred,4527.599629454127
X-Ray,Non-Preferred,3440.3082023378383
X-Ray,Non-Preferred,5331.323386062836
X-Ray,Non-Preferred,4940.112198982995
X-Ray,Non-Preferred,3950.942735287401
X-Ray,Non-Preferred,3204.5674090956973
X-Ray,Non-Preferred,5044.771551049471
X-Ray,Non-Preferred,4163.724219398653
X-Ray,Non-Preferred,4975.137913734301
CT,Preferred,2202.7861706028166
CT,Preferred,2700.3124885231136
CT,Preferred,3002.6218498590915
CT,Preferred,3023.4902968823712
CT,Preferred,2774.967264260378
CT,Preferred,3311.4249661737495
CT,Preferred,2466.189785308703
CT,Preferred,2928.8102574893533
CT,Preferred,3060.1478158559494
CT,Preferred,3257.2194170293747
CT,Preferred,3355.807439044445
CT,Preferred,2437.6789540810655
CT,Preferred,2232.942914632189
CT,Preferred,3638.8384109492545
CT,Preferred,3166.157005989796
CT,Preferred,2625.756731721723
CT,Preferred,3775.5759877612613
CT,Preferred,3057.8373171464295
CT,Preferred,3589.6485920319133
CT,Preferred,3033.7592407050543
CT,Preferred,4030.3739624409936
CT,Preferred,3877.6704212216023
CT,Preferred,2875.517925760463
CT,Preferred,3485.785475477178
CT,Preferred,3322.6879747925736
CT,Preferred,3684.3157787661744
CT,Preferred,2517.5382697099476
CT,Preferred,3343.0257299992195
CT,Preferred,3529.212243424794
CT,Preferred,2120.6302567884427
CT,Preferred,2408.3707436671125
CT,Preferred,1980.3839111199497
CT,Preferred,2865.296582777721
CT,Preferred,3358.7711278979814
CT,Preferred,3751.178526048014
CT,Preferred,3037.0473902098875
CT,Preferred,3814.307772785646
CT,Preferred,2309.9492708925545
CT,Preferred,2148.3087803224225
CT,Preferred,2972.226150551691
CT,Preferred,3192.0327244696537
CT,Preferred,2983.6526259529533
CT,Preferred,1966.2789499800617
CT,Preferred,2955.439980243606
CT,Preferred,2347.7652497475733
CT,Preferred,3334.836274415019
CT,Preferred,3183.299123048424
CT,Preferred,2530.060106836322
CT,Preferred,2743.0665413316533
CT,Preferred,2470.393239055524
CT,Preferred,2968.6604513634143
CT,Preferred,3477.571160250619
CT,Preferred,2507.1369768322284
CT,Preferred,3252.023257758922
CT,Preferred,2734.87119081378
CT,Preferred,2603.5635838688277
CT,Preferred,2946.484820022721
CT,Preferred,2482.3788387903132
CT,Preferred,2723.175347326409
CT,Preferred,2401.061053705576
CT,Preferred,3982.3625664581946
CT,Preferred,3017.6317759858644
CT,Preferred,2650.1372460037073
CT,Preferred,3106.989955367111
CT,Preferred,2943.835975154585
CT,Preferred,2889.5152002333884
CT,Preferred,3307.0833500217127
CT,Preferred,3378.7538550236527
CT,Preferred,2734.7494261947363
CT,Preferred,2712.09087967766
CT,Preferred,2862.4741514241778
CT,Preferred,1849.0394176322077
CT,Preferred,2242.4044689007237
CT,Preferred,3683.4371337222624
CT,Preferred,3822.4838567506417
CT,Preferred,2875.4819802218108
CT,Preferred,3288.2784815278833
CT,Preferred,3155.625077271768
CT,Preferred,4539.440404227619
CT,Preferred,3559.787455717288
CT,Preferred,2936.0412042596167
CT,Preferred,2522.2297796997873
CT,Preferred,2196.7768398712137
CT,Preferred,3101.7318179336116
CT,Preferred,2621.8246273578484
CT,Preferred,2288.873145201163
CT,Preferred,2676.7135578787365
CT,Preferred,2459.2259981928028
CT,Preferred,3843.5708175362824
CT,Preferred,3440.819878474725
CT,Preferred,2996.0136793416914
CT,Preferred,3739.972069445013
CT,Preferred,3038.684153823809
CT,Preferred,2569.3578993358683
CT,Preferred,3761.5620386348287
CT,Preferred,3269.455021842329
CT,Preferred,2481.376922836772
CT,Preferred,2904.830660958196
CT,Preferred,2562.1908733076216
CT,Preferred,2308.600134517832
CT,Non-Preferred,4727.704293263811
CT,Non-Preferred,5317.647749026905
CT,Non-Preferred,3332.857220453342
CT,Non-Preferred,4509.779306759169
CT,Non-Preferred,3781.6122232717307
CT,Non-Preferred,3879.722534486009
CT,Non-Preferred,3816.561410201505
CT,Non-Preferred,3653.6033029369373
CT,Non-Preferred,4201.110741511723
CT,Non-Preferred,3673.427694898204
CT,Non-Preferred,4334.27186021273
CT,Non-Preferred,4141.854899075344
CT,Non-Preferred,4028.6289366249807
CT,Non-Preferred,3627.459567519868
CT,Non-Preferred,3825.9349664038273
CT,Non-Preferred,4625.23250024028
CT,Non-Preferred,4472.548077319455
CT,Non-Preferred,3585.4646178656963
CT,Non-Preferred,4231.597148002363
CT,Non-Preferred,4622.8300387679
CT,Non-Preferred,3170.354596072004
CT,Non-Preferred,4498.013880172788
CT,Non-Preferred,3774.4235093773186
CT,Non-Preferred,4514.356965900723
CT,Non-Preferred,3714.042270819317
CT,Non-Preferred,3089.0685043461153
CT,Non-Preferred,3195.472302014929
CT,Non-Preferred,4200.848732741656
CT,Non-Preferred,4327.831265777716
CT,Non-Preferred,3629.407789682182
CT,Non-Preferred,4555.153240011251
CT,Non-Preferred,3175.085727383451
CT,Non-Preferred,4132.349885556437
CT,Non-Preferred,3445.388044887353
CT,Non-Preferred,3780.8961000635313
CT,Non-Preferred,4200.436967534675
CT,Non-Preferred,3655.749745574455
CT,Non-Preferred,3941.2644382069316
CT,Non-Preferred,4775.773450273491
CT,Non-Preferred,3825.8626430309378
CT,Non-Preferred,4673.413031983911
CT,Non-Preferred,3494.173651950256
CT,Non-Preferred,4489.880271493997
CT,Non-Preferred,5036.938937139567
CT,Non-Preferred,2689.0110646684534
CT,Non-Preferred,3693.860611462541
CT,Non-Preferred,4518.241041053151
CT,Non-Preferred,4050.170533119031
CT,Non-Preferred,4394.685288767612
CT,Non-Preferred,3809.6066527153343
CT,Non-Preferred,4223.951637228567
CT,Non-Preferred,4078.5914235095793
CT,Non-Preferred,4872.667001740711
CT,Non-Preferred,4324.650270725555
CT,Non-Preferred,4374.559361989948
CT,Non-Preferred,3924.8715850713465
CT,Non-Preferred,3879.4340303013305
CT,Non-Preferred,3912.462852053054
CT,Non-Preferred,4408.669050171805
CT,Non-Preferred,3919.407076252669
CT,Non-Preferred,4345.862678882674
CT,Non-Preferred,5417.23824393209
CT,Non-Preferred,4694.672586803842
CT,Non-Preferred,3976.383645444122
CT,Non-Preferred,4892.726118043193
CT,Non-Preferred,3927.152540931896
CT,Non-Preferred,2949.1230436381147
CT,Non-Preferred,3567.1459781943845
CT,Non-Preferred,3049.5226121293135
CT,Non-Preferred,3961.0896743200415
CT,Non-Preferred,4183.048792258558
CT,Non-Preferred,5177.860152109996
CT,Non-Preferred,4368.154189003324
CT,Non-Preferred,4040.5374474595083
CT,Non-Preferred,4669.64111345492
CT,Non-Preferred,2845.316579340096
CT,Non-Preferred,4313.366499609966
CT,Non-Preferred,4634.5168810770065
CT,Non-Preferred,3284.846017276922
CT,Non-Preferred,4858.250190668984
CT,Non-Preferred,4375.095609241475
CT,Non-Preferred,3922.825016404346
CT,Non-Preferred,4551.666884408598
CT,Non-Preferred,5534.413479427464
CT,Non-Preferred,4281.117517779924
CT,Non-Preferred,4320.930116525028
CT,Non-Preferred,3896.38122502068
CT,Non-Preferred,3662.0911430659517
CT,Non-Preferred,4670.199254671375
CT,Non-Preferred,3658.3474691995066
CT,Non-Preferred,4214.937507076463
CT,Non-Preferred,3885.4032966857567
CT,Non-Preferred,4459.385660192662
CT,Non-Preferred,4372.195027916996
CT,Non-Preferred,4794.521731299566
CT,Non-Preferred,3865.9879254319785
CT,Non-Preferred,4010.072803568804
CT,Non-Preferred,3584.7395352754424
CT,Non-Preferred,3905.42180869916
CT,Non-Preferred,4398.378060571738
MRI,Preferred,3378.494308322676
MRI,Preferred,2538.917337911187
MRI,Preferred,3434.8029600528303
MRI,Preferred,3677.8189294024755
MRI,Preferred,3206.7174516118503
MRI,Preferred,3938.397906279033
MRI,Preferred,2613.1054004482135
MRI,Preferred,2377.6726483442917
MRI,Preferred,2110.639875547861
MRI,Preferred,3748.0221557445916
MRI,Preferred,3327.182828177029
MRI,Preferred,2972.2076645447723
MRI,Preferred,3139.98431315991
MRI,Preferred,2437.2554763508115
MRI,Preferred,4222.875989808414
MRI,Preferred,3064.6105909876137
MRI,Preferred,3054.6973973024465
MRI,Preferred,3362.883311949346
MRI,Preferred,3240.5046158683567
MRI,Preferred,3111.9420121395656
MRI,Preferred,2604.762772277344
MRI,Preferred,3235.734178567998
MRI,Preferred,3941.012248237517
MRI,Preferred,3672.7100230774886
MRI,Preferred,3796.5933133196986
MRI,Preferred,2744.3921617844076
MRI,Preferred,2505.1975898707096
MRI,Preferred,2937.106539950176
MRI,Preferred,3027.862456144347
MRI,Preferred,3547.0957592354744
MRI,Preferred,2153.7676851425904
MRI,Preferred,3764.7751597303068
MRI,Preferred,2920.996050710505
MRI,Preferred,2786.55946502629
MRI,Preferred,2493.9478123699164
MRI,Preferred,2172.5716640671153
MRI,Preferred,3411.585291980957
MRI,Preferred,3036.658983594202
MRI,Preferred,2355.019550129473
MRI,Preferred,2352.460613968192
MRI,Preferred,2832.1076503549357
MRI,Preferred,3834.5107626446966
MRI,Preferred,2870.2043243181975
MRI,Preferred,2248.428523440947
MRI,Preferred,2877.1284679570276
MRI,Preferred,2863.6382151261646
MRI,Preferred,1651.5566785292142
MRI,Preferred,2972.852566741094
MRI,Preferred,2884.532734895661
MRI,Preferred,3348.103182406709
MRI,Preferred,3924.4780474726726
MRI,Preferred,3563.2825147738786
MRI,Preferred,2865.5556547225847
MRI,Preferred,2446.7370456291646
MRI,Preferred,4286.67990162493
MRI,Preferred,3029.6092170072443
MRI,Preferred,3006.9646459564733
MRI,Preferred,2987.937456444998
MRI,Preferred,3099.0423803839276
MRI,Preferred,2927.8197940380287
MRI,Preferred,2713.1689965598816
MRI,Preferred,2726.5705293798037
MRI,Preferred,2983.6233648920006
MRI,Preferred,2728.2876144331176
MRI,Preferred,2643.5771086614177
MRI,Preferred,3053.2151138459485
MRI,Preferred,2872.511391289572
MRI,Preferred,3751.9964942913443
MRI,Preferred,1674.515095803494
MRI,Preferred,3545.7534259612307
MRI,Preferred,3623.0425962488143
MRI,Preferred,1963.3048837959252
MRI,Preferred,2828.656202959826
MRI,Preferred,2814.279567002104
MRI,Preferred,2296.2441526410894
MRI,Preferred,2611.0916562045622
MRI,Preferred,2444.7120772670855
MRI,Preferred,3876.1352217118115
MRI,Preferred,3467.8391965737305
MRI,Preferred,3635.7775474970795
MRI,Preferred,3360.8360320216175
MRI,Preferred,2435.4741143913852
MRI,Preferred,2737.739866860113
MRI,Preferred,3244.687280613959
MRI,Preferred,2388.9360955540274
MRI,Preferred,3356.499215086194
MRI,Preferred,2879.8373009209326
MRI,Preferred,2812.589596225201
MRI,Preferred,3355.4799841017457
MRI,Preferred,3222.13165574302
MRI,Preferred,2819.51691709046
MRI,Preferred,3579.664901682124
MRI,Preferred,2459.4683362000515
MRI,Preferred,3307.967803472132
MRI,Preferred,3296.550628984192
MRI,Preferred,2845.226780343005
MRI,Preferred,3163.066511121059
MRI,Preferred,2374.4432118073487
MRI,Preferred,3462.0135096034505
MRI,Preferred,2907.5489317785054
MRI,Non-Preferred,3898.4131193708454
MRI,Non-Preferred,4841.452467184403
MRI,Non-Preferred,3789.4407173566137
MRI,Non-Preferred,3366.9701538641334
MRI,Non-Preferred,3278.069427567927
MRI,Non-Preferred,4575.652902489653
MRI,Non-Preferred,3443.789320184499
MRI,Non-Preferred,5264.923440872888
MRI,Non-Preferred,2962.889286952036
MRI,Non-Preferred,5229.920752656292
MRI,Non-Preferred,4338.65741200384
MRI,Non-Preferred,4154.019064560033
MRI,Non-Preferred,3885.095479596899
MRI,Non-Preferred,4451.528600293512
MRI,Non-Preferred,4189.46611022736
MRI,Non-Preferred,4874.028060892182
MRI,Non-Preferred,4280.583520879493
MRI,Non-Preferred,4302.227988559395
MRI,Non-Preferred,3993.8796043539555
MRI,Non-Preferred,4177.879557449629
MRI,Non-Preferred,4396.727993017505
MRI,Non-Preferred,3185.945896088294
MRI,Non-Preferred,3403.135678418841
MRI,Non-Preferred,4658.0053880958985
MRI,Non-Preferred,4314.566194559035
MRI,Non-Preferred,4101.656929870662
MRI,Non-Preferred,4223.107291521505
MRI,Non-Preferred,4420.595954899271
MRI,Non-Preferred,3888.1911234966524
MRI,Non-Preferred,3745.0640964408817
MRI,Non-Preferred,4329.554084740878
MRI,Non-Preferred,3625.02326511325
MRI,Non-Preferred,4456.998585110952
MRI,Non-Preferred,3190.496769139565
MRI,Non-Preferred,4829.540314077655
MRI,Non-Preferred,4495.605421130095
MRI,Non-Preferred,4365.664772270595
MRI,Non-Preferred,4801.661522049578
MRI,Non-Preferred,5211.331598359815
MRI,Non-Preferred,4820.6689706931475
MRI,Non-Preferred,3107.522392883282
MRI,Non-Preferred,3444.3007516408484
MRI,Non-Preferred,3837.155785064862
MRI,Non-Preferred,4227.70156180877
MRI,Non-Preferred,4522.642343963743
MRI,Non-Preferred,3776.6006437901897
MRI,Non-Preferred,4324.106990368517
MRI,Non-Preferred,3758.8171722702755
MRI,Non-Preferred,3845.1362498871003
MRI,Non-Preferred,3368.0502735733357
MRI,Non-Preferred,3658.1069840157265
MRI,Non-Preferred,3401.036168312469
MRI,Non-Preferred,3626.5229798958694
MRI,Non-Preferred,4844.232009646973
MRI,Non-Preferred,3642.4075983831035
MRI,Non-Preferred,5791.476170584703
MRI,Non-Preferred,4508.037672210803
MRI,Non-Preferred,4322.948605899193
MRI,Non-Preferred,3697.032263573541
MRI,Non-Preferred,4632.232859327664
MRI,Non-Preferred,3866.6642359396046
MRI,Non-Preferred,4285.252820469486
MRI,Non-Preferred,5748.097654643546
MRI,Non-Preferred,4154.41099184748
MRI,Non-Preferred,4901.610927453675
MRI,Non-Preferred,3790.1410766067365
MRI,Non-Preferred,4191.053837384092
MRI,Non-Preferred,5274.527313063575
MRI,Non-Preferred,3835.8666970096087
MRI,Non-Preferred,5299.516066480426
MRI,Non-Preferred,4636.698092955555
MRI,Non-Preferred,3874.5668661457084
MRI,Non-Preferred,4591.491575115581
MRI,Non-Preferred,4795.579601458307
MRI,Non-Preferred,4585.132909012587
MRI,Non-Preferred,3269.9120997479954
MRI,Non-Preferred,3775.764626187348
MRI,Non-Preferred,4063.5357503513665
MRI,Non-Preferred,4167.386874222241
MRI,Non-Preferred,4584.450190212676
MRI,Non-Preferred,4318.667532242222
MRI,Non-Preferred,3410.8403164562083
MRI,Non-Preferred,4440.165642285847
MRI,Non-Preferred,4578.398378852563
MRI,Non-Preferred,4547.921200440893
MRI,Non-Preferred,4860.515367015042
MRI,Non-Preferred,4712.400224411612
MRI,Non-Preferred,4487.5549792193315
MRI,Non-Preferred,4169.947504807081
MRI,Non-Preferred,3215.470371572674
MRI,Non-Preferred,4469.81786316182
MRI,Non-Preferred,4336.659543980136
MRI,Non-Preferred,4374.994233999493
MRI,Non-Preferred,3445.9977861900834
MRI,Non-Preferred,3563.4130074373115
MRI,Non-Preferred,4843.938643682011
MRI,Non-Preferred,4188.313839368276
MRI,Non-Preferred,4620.947350105844
MRI,Non-Preferred,4229.037957360546
MRI,Non-Preferred,4229.900615379716
US,Preferred,3469.141902987999
US,Preferred,2741.977635891313
US,Preferred,3048.0603884704915
US,Preferred,2768.8623556474786
US,Preferred,2782.7518862838424
US,Preferred,2845.4139382656804
US,Preferred,3111.0668858168565
US,Preferred,2760.6256891682615
US,Preferred,3627.8780627867604
US,Preferred,2552.696348890248
US,Preferred,2906.5641779193206
US,Preferred,2780.1344708629126
US,Preferred,3723.4889421768667
US,Preferred,3098.277388255787
US,Preferred,3515.9222697343175
US,Preferred,2257.219813481514
US,Preferred,3133.5251329346293
US,Preferred,3444.8153978117184
US,Preferred,3041.1419946377123
US,Preferred,3532.7401875326755
US,Preferred,2741.355774949814
US,Preferred,3704.67372009279
US,Preferred,4149.449061809625
US,Preferred,2818.5807197801705
US,Preferred,2777.248739299614
US,Preferred,3726.6922385588505
US,Preferred,3789.7860728653563
US,Preferred,2738.5699864233657
US,Preferred,2789.9065914520716
US,Preferred,2859.1076955697463
US,Preferred,2327.7747444828615
US,Preferred,2540.6740267579007
US,Preferred,2497.929616623966
US,Preferred,2616.1012174479356
US,Preferred,2982.6575563066094
US,Preferred,3117.10736626826
US,Preferred,3775.2502464070385
US,Preferred,2500.8229796306046
US,Preferred,3492.161199238292
US,Preferred,2893.0055778872456
US,Preferred,2975.2681451737835
US,Preferred,3337.409746083302
US,Preferred,2438.638989218851
US,Preferred,3191.204873092025
US,Preferred,3083.226104106528
US,Preferred,3246.2256320040747
US,Preferred,3144.5843219539092
US,Preferred,4227.650069955447
US,Preferred,2681.130007874342
US,Preferred,2734.501522499091
US,Preferred,2688.429736787618
US,Preferred,2722.2614404198725
US,Preferred,2681.306436346741
US,Preferred,3594.508265553776
US,Preferred,3710.2521239949274
US,Preferred,2714.6268531252617
US,Preferred,2583.8222134478856
US,Preferred,3235.707778193202
US,Preferred,2723.8884778595143
US,Preferred,3316.4659088777553
US,Preferred,3101.46151042565
US,Preferred,2242.127942501384
US,Preferred,3773.752600665031
US,Preferred,3897.9388365477607
US,Preferred,2693.605654757807
US,Preferred,2806.149220032008
US,Preferred,3142.9326953624523
US,Preferred,3167.2283949935127
US,Preferred,3329.2721363364153
US,Preferred,4005.1022693831746
US,Preferred,2911.5263862529755
US,Preferred,2600.851377730773
US,Preferred,2310.3403859927366
US,Preferred,2634.5349800290405
US,Preferred,2983.4365135631015
US,Preferred,3897.278931758894
US,Preferred,2741.194350481914
US,Preferred,3111.893975819449
US,Preferred,2991.788551963624
US,Preferred,3594.196636724042
US,Preferred,4263.466212936811
US,Preferred,2734.5656135398394
US,Preferred,2755.280278740889
US,Preferred,3522.080438534536
US,Preferred,3340.9457448131557
US,Preferred,3923.3536628680167
US,Preferred,3291.964092662982
US,Preferred,2820.3539546064703
US,Preferred,3295.327415346155
US,Preferred,3554.3517902914537
US,Preferred,3410.241090598682
US,Preferred,3253.637015553649
US,Preferred,3533.337344794577
US,Preferred,3584.6477952228365
US,Preferred,3691.0794955187635
US,Preferred,3324.3549437948213
US,Preferred,2916.4409598415727
US,Preferred,3073.356843216661
US,Preferred,3603.2544832541785
US,Preferred,2591.532164506382
US,Non-Preferred,4535.528518723147
US,Non-Preferred,4078.321246002989
US,Non-Preferred,4331.571427160296
US,Non-Preferred,5081.395650963785
US,Non-Preferred,4428.983974211347
US,Non-Preferred,4342.186462293094
US,Non-Preferred,3498.410848811454
US,Non-Preferred,4762.0766730157375
US,Non-Preferred,4701.61504208405
US,Non-Preferred,5612.277367382681
US,Non-Preferred,4129.657592427605
US,Non-Preferred,4445.814729997769
US,Non-Preferred,4463.954743625859
US,Non-Preferred,5260.7965012574905
US,Non-Preferred,4257.147213967234
US,Non-Preferred,4481.737448861609
US,Non-Preferred,4679.062439229329
US,Non-Preferred,4426.290007293221
US,Non-Preferred,4046.4643646690884
US,Non-Preferred,4430.77852913839
US,Non-Preferred,4958.503583315269
US,Non-Preferred,3698.415353752769
US,Non-Preferred,4394.1063378875315
US,Non-Preferred,3894.2520444359016
US,Non-Preferred,5031.352510754311
US,Non-Preferred,3400.412390529141
US,Non-Preferred,3978.9714250364523
US,Non-Preferred,4540.651658438118
US,Non-Preferred,5253.63895094001
US,Non-Preferred,4274.8743767556125
US,Non-Preferred,3981.2048173834864
US,Non-Preferred,5443.01877506376
US,Non-Preferred,3445.516193149659
US,Non-Preferred,2995.040959427356
US,Non-Preferred,4578.333203431405
US,Non-Preferred,4013.0919987878387
US,Non-Preferred,3701.5848431209774
US,Non-Preferred,4739.338401779018
US,Non-Preferred,4460.604961662125
US,Non-Preferred,3975.8773549573684
US,Non-Preferred,3546.1418941968686
US,Non-Preferred,4837.798930367492
US,Non-Preferred,4704.445240174602
US,Non-Preferred,4254.819015131776
US,Non-Preferred,5422.306731028005
US,Non-Preferred,3672.273673603714
US,Non-Preferred,3399.0094308445623
US,Non-Preferred,3899.179691470659
US,Non-Preferred,4286.972923586107
US,Non-Preferred,4460.328202993021
US,Non-Preferred,4169.582898685608
US,Non-Preferred,4525.557771307984
US,Non-Preferred,3563.400878885139
US,Non-Preferred,5180.583295843361
US,Non-Preferred,4265.033826363864
US,Non-Preferred,4984.702032352282
US,Non-Preferred,4519.959741226028
US,Non-Preferred,4588.376464891676
US,Non-Preferred,4656.184901538728
US,Non-Preferred,4582.949669409794
US,Non-Preferred,4699.958189319932
US,Non-Preferred,5111.816051478864
US,Non-Preferred,4432.237235220287
US,Non-Preferred,4739.7267879525125
US,Non-Preferred,4260.483116827069
US,Non-Preferred,5178.394862669089
US,Non-Preferred,3908.4891521638438
US,Non-Preferred,5394.888793145895
US,Non-Preferred,4290.2297630128
US,Non-Preferred,3455.8594721285767
US,Non-Preferred,4391.187182345879
US,Non-Preferred,3905.693538914477
US,Non-Preferred,4818.71066279264
US,Non-Preferred,3922.750145817971
US,Non-Preferred,4046.6144734705376
US,Non-Preferred,3180.600094832087
US,Non-Preferred,4042.9407418499595
US,Non-Preferred,2859.996937422032
US,Non-Preferred,3363.9828393079715
US,Non-Preferred,4770.573327085984
US,Non-Preferred,4785.8046285899045
US,Non-Preferred,4569.5990704703845
US,Non-Preferred,3734.138847521878
US,Non-Preferred,4285.697719714218
US,Non-Preferred,4312.163009945064
US,Non-Preferred,3619.3057198838796
US,Non-Preferred,5216.363514459696
US,Non-Preferred,4840.7419077448085
US,Non-Preferred,4181.746029101607
US,Non-Preferred,4330.456036796124
US,Non-Preferred,4439.354218167937
US,Non-Preferred,3089.283612344831
US,Non-Preferred,4166.018103887047
US,Non-Preferred,3905.1339846007263
US,Non-Preferred,3713.3525274624562
US,Non-Preferred,4145.6643576678325
US,Non-Preferred,5392.9364495091195
US,Non-Preferred,4698.830250159612
US,Non-Preferred,3971.6171395297274
US,Non-Preferred,4657.874202213101
NM,Preferred,3699.677718293001
NM,Preferred,3462.3168414563843
NM,Preferred,3029.815184960087
NM,Preferred,2676.531611147213
NM,Preferred,3349.111656806795
NM,Preferred,3196.742692710875
NM,Preferred,3447.596610013866
NM,Preferred,3317.585900840985
NM,Preferred,3524.7763576596676
NM,Preferred,2732.382394219716
NM,Preferred,3658.697032817163
NM,Preferred,3098.7998023461996
NM,Preferred,4037.630436312633
NM,Preferred,2655.4060909552163
NM,Preferred,3867.9819015826247
NM,Preferred,3098.9553917313237
NM,Preferred,2674.290998192776
NM,Preferred,2758.0570829728395
NM,Preferred,2839.82634590284
NM,Preferred,3212.0829732009583
NM,Preferred,3261.41774401775
NM,Preferred,2713.1499980307103
NM,Preferred,2987.8227038695086
NM,Preferred,4071.135179305932
NM,Preferred,3863.7715850503555
NM,Preferred,3218.161834837016
NM,Preferred,3019.0017390841003
NM,Preferred,3060.0156633591305
NM,Preferred,3306.7589863652083
NM,Preferred,2488.603717400797
NM,Preferred,2871.3117312883273
NM,Preferred,2165.707963061205
NM,Preferred,3199.6115613026395
NM,Preferred,3323.5979698513706
NM,Preferred,2758.406768850313
NM,Preferred,3786.9933816450166
NM,Preferred,2387.1171684988294
NM,Preferred,2267.81255989509
NM,Preferred,3112.225909279986
NM,Preferred,3523.5491513060774
NM,Preferred,3841.9638457289343
NM,Preferred,2770.55786856553
NM,Preferred,3539.3404167156477
NM,Preferred,2980.7457652496464
NM,Preferred,2913.6863500295904
NM,Preferred,3441.8299687433364
NM,Preferred,3326.16143920671
NM,Preferred,2211.803921507875
NM,Preferred,3738.270174862948
NM,Preferred,3690.0456770737255
NM,Preferred,2687.218649245235
NM,Preferred,3197.9017667187045
NM,Preferred,3247.0150931413696
NM,Preferred,3130.3368829119536
NM,Preferred,2724.84742307729
NM,Preferred,2664.1883160309744
NM,Preferred,2987.2229645042776
NM,Preferred,3586.3645096296823
NM,Preferred,3271.8000772972164
NM,Preferred,2814.692833956947
NM,Preferred,3385.8493553241724
NM,Preferred,1575.7286896849623
NM,Preferred,3574.3828501860517
NM,Preferred,2130.1431106109503
NM,Preferred,2818.7795292984338
NM,Preferred,2440.165052686928
NM,Preferred,2352.659262139547
NM,Preferred,3580.4133936892595
NM,Preferred,2766.1493993440545
NM,Preferred,3173.251940865358
NM,Preferred,2976.539710560408
NM,Preferred,3238.520413611561
NM,Preferred,3038.4109455301277
NM,Preferred,2358.503887905715
NM,Preferred,3498.13340972357
NM,Preferred,2753.1217084193436
NM,Preferred,2221.7090506701243
NM,Preferred,2785.9424195170436
NM,Preferred,3750.3798953171554
NM,Preferred,3425.1108710567464
NM,Preferred,2825.6739327960704
NM,Preferred,2825.3711478407854
NM,Preferred,2839.1824743913085
NM,Preferred,4038.3739917804205
NM,Preferred,3190.9677261157767
NM,Preferred,3215.0208235955347
NM,Preferred,3515.141727015921
NM,Preferred,3119.3945795132568
NM,Preferred,2870.4789270896486
NM,Preferred,2901.825075457511
NM,Preferred,2964.199370292968
NM,Preferred,2981.3888817450793
NM,Preferred,3363.81477181849
NM,Preferred,3025.9729429036497
NM,Preferred,3366.3200386077897
NM,Preferred,2959.641709945709
NM,Preferred,3039.317595158045
NM,Preferred,2000.8996577339462
NM,Preferred,3458.1638373512405
NM,Preferred,3173.244237948996
NM,Non-Preferred,4878.893272214429
NM,Non-Preferred,2542.3339793824243
NM,Non-Preferred,5533.112029167075
NM,Non-Preferred,4196.333429405534
NM,Non-Preferred,4944.996896341148
NM,Non-Preferred,3656.1436500233194
NM,Non-Preferred,4647.75154933618
NM,Non-Preferred,3648.0378683944446
NM,Non-Preferred,3905.825829881155
NM,Non-Preferred,5428.50601861871
NM,Non-Preferred,4165.67776584063
NM,Non-Preferred,4410.546930206472
NM,Non-Preferred,4802.127844711891
NM,Non-Preferred,4577.496339082201
NM,Non-Preferred,4370.338549384784
NM,Non-Preferred,4499.063807778373
NM,Non-Preferred,5722.136557441603
NM,Non-Preferred,4245.515928078487
NM,Non-Preferred,4400.746634327618
NM,Non-Preferred,4910.479843903206
NM,Non-Preferred,4943.402766073428
NM,Non-Preferred,4992.3053896348665
NM,Non-Preferred,4663.325339516149
NM,Non-Preferred,3594.2842586603483
NM,Non-Preferred,5260.146125679295
NM,Non-Preferred,3592.2799704874255
NM,Non-Preferred,4461.668485442058
NM,Non-Preferred,3827.5216962870236
NM,Non-Preferred,4241.604198342842
NM,Non-Preferred,4477.344652480727
NM,Non-Preferred,4472.9015355688025
NM,Non-Preferred,4533.239658839809
NM,Non-Preferred,5248.313967733827
NM,Non-Preferred,4552.207787207026
NM,Non-Preferred,4133.593225124249
NM,Non-Preferred,4858.539507271653
NM,Non-Preferred,4993.769499653423
NM,Non-Preferred,3543.522517216443
NM,Non-Preferred,4638.527248208553
NM,Non-Preferred,4700.790851685178
NM,Non-Preferred,4101.549104282643
NM,Non-Preferred,5105.51129428561
NM,Non-Preferred,4190.053854079122
NM,Non-Preferred,4355.433078381564
NM,Non-Preferred,4176.244111728316
NM,Non-Preferred,4289.434634847518
NM,Non-Preferred,3622.322154161517
NM,Non-Preferred,3416.0566767420614
NM,Non-Preferred,5236.790244233622
NM,Non-Preferred,3771.9103973076417
NM,Non-Preferred,3685.251796624854
NM,Non-Preferred,2988.0531381364094
NM,Non-Preferred,3896.710157684937
NM,Non-Preferred,3486.233330254139
NM,Non-Preferred,5265.29630238046
NM,Non-Preferred,4885.977459904218
NM,Non-Preferred,3867.196999192004
NM,Non-Preferred,5631.548689505224
NM,Non-Preferred,4869.146498493595
NM,Non-Preferred,4085.1883761934646
NM,Non-Preferred,2780.4437773744944
NM,Non-Preferred,5654.652749853083
NM,Non-Preferred,3446.3437262404805
NM,Non-Preferred,3292.847958124503
NM,Non-Preferred,4893.629465504422
NM,Non-Preferred,5743.938650102202
NM,Non-Preferred,5110.650897404949
NM,Non-Preferred,4618.432678330054
NM,Non-Preferred,4636.93981129781
NM,Non-Preferred,4792.136541566822
NM,Non-Preferred,4735.444360170697
NM,Non-Preferred,4448.802060680264
NM,Non-Preferred,4342.607868669764
NM,Non-Preferred,4242.531329558925
NM,Non-Preferred,3827.7084529786325
NM,Non-Preferred,4111.682160178574
NM,Non-Preferred,3264.313117781407
NM,Non-Preferred,4221.083430221788
NM,Non-Preferred,3686.9325420080877
NM,Non-Preferred,3617.9336159691757
NM,Non-Preferred,4388.0236969907255
NM,Non-Preferred,5115.288578105397
NM,Non-Preferred,4831.077169900026
NM,Non-Preferred,3337.786844124732
NM,Non-Preferred,3686.3103243564356
NM,Non-Preferred,4844.549919091568
NM,Non-Preferred,3690.5947701756522
NM,Non-Preferred,4145.307316300424
NM,Non-Preferred,4610.118465713369
NM,Non-Preferred,3699.080533380457
NM,Non-Preferred,4343.3125099862145
NM,Non-Preferred,3479.6719093477154
NM,Non-Preferred,3919.26661992791
NM,Non-Preferred,4471.95636678416
NM,Non-Preferred,3324.2909661796366
NM,Non-Preferred,4544.372049074877
NM,Non-Preferred,4268.304526942629
NM,Non-Preferred,4611.581178948927
NM,Non-Preferred,4414.435686737435
NM,Non-Preferred,5098.571464282944
Mammo,Preferred,3062.612251323954
Mammo,Preferred,2785.2972294373735
Mammo,Preferred,3061.148751516142
Mammo,Preferred,3271.649014518194
Mammo,Preferred,3024.430035162852
Mammo,Preferred,3020.295845601941
Mammo,Preferred,2649.0041560966224
Mammo,Preferred,2668.549541224526
Mammo,Preferred,2298.697364100153
Mammo,Preferred,3874.7883715934695
Mammo,Preferred,2378.0683823043573
Mammo,Preferred,2653.5474011020465
Mammo,Preferred,2640.7963672154015
Mammo,Preferred,3447.4621884722205
Mammo,Preferred,2852.525160853986
Mammo,Preferred,3623.871036336867
Mammo,Preferred,2663.254687878066
Mammo,Preferred,3139.497081111901
Mammo,Preferred,2582.326473370121
Mammo,Preferred,4072.5745638866942
Mammo,Preferred,2406.2007904852435
Mammo,Preferred,3154.9103551135136
Mammo,Preferred,3316.8884404660494
Mammo,Preferred,3206.899548725749
Mammo,Preferred,2907.356170561146
Mammo,Preferred,2935.089650133287
Mammo,Preferred,3021.9057359895546
Mammo,Preferred,2926.4989991857556
Mammo,Preferred,3481.9395583974547
Mammo,Preferred,4105.261500795676
Mammo,Preferred,2721.254107496083
Mammo,Preferred,2315.098510210461
Mammo,Preferred,2955.8589758243725
Mammo,Preferred,4289.854668827159
Mammo,Preferred,2598.1627160151347
Mammo,Preferred,3819.558402722034
Mammo,Preferred,3838.8504070382205
Mammo,Preferred,2723.2058791460026
Mammo,Preferred,3284.4915395926378
Mammo,Preferred,3814.198311564269
Mammo,Preferred,2810.4361295062563
Mammo,Preferred,2898.209819948819
Mammo,Preferred,2709.159543025678
Mammo,Preferred,2492.6216346535666
Mammo,Preferred,2675.3612274669963
Mammo,Preferred,2388.029866618872
Mammo,Preferred,3017.041734129613
Mammo,Preferred,2615.0133844706793
Mammo,Preferred,3116.8929558953737
Mammo,Preferred,2222.052176898186
Mammo,Preferred,3165.4401161072287
Mammo,Preferred,3416.7644808044624
Mammo,Preferred,2003.1321787142724
Mammo,Preferred,3187.028284923786
Mammo,Preferred,3613.8344962366464
Mammo,Preferred,2395.1794906543973
Mammo,Preferred,3836.286193418852
Mammo,Preferred,3209.5095046830224
Mammo,Preferred,2647.4940721207954
Mammo,Preferred,2972.115461171147
Mammo,Preferred,3279.163456260861
Mammo,Preferred,3038.002695706206
Mammo,Preferred,3269.3779962231847
Mammo,Preferred,2539.6632034603167
Mammo,Preferred,3084.680412018039
Mammo,Preferred,2293.1427515475098
Mammo,Preferred,2944.3869693256497
Mammo,Preferred,2548.046179267605
Mammo,Preferred,2632.2350287051167
Mammo,Preferred,3618.0465876052185
Mammo,Preferred,3545.6550602971347
Mammo,Preferred,3304.5690604535885
Mammo,Preferred,2453.8436176637106
Mammo,Preferred,2841.795775152599
Mammo,Preferred,3606.548849989592
Mammo,Preferred,3070.858456819952
Mammo,Preferred,4159.664769990847
Mammo,Preferred,3196.658919697186
Mammo,Preferred,3096.0245582450157
Mammo,Preferred,2845.4417678987493
Mammo,Preferred,3066.770452391141
Mammo,Preferred,2923.765081809728
Mammo,Preferred,3354.054338344295
Mammo,Preferred,3478.3511583972922
Mammo,Preferred,2607.005269746025
Mammo,Preferred,2334.383523221111
Mammo,Preferred,2081.8973134483517
Mammo,Preferred,3253.995663456272
Mammo,Preferred,2448.3166969130634
Mammo,Preferred,1923.5547035237585
Mammo,Preferred,3194.289302265482
Mammo,Preferred,4246.499758716395
Mammo,Preferred,2996.9645442300534
Mammo,Preferred,3419.245387225821
Mammo,Preferred,3040.9146792737824
Mammo,Preferred,2950.555173404429
Mammo,Preferred,3459.5382414938845
Mammo,Preferred,2854.8627279056745
Mammo,Preferred,3133.6961570359513
Mammo,Preferred,3160.8489030980068
Mammo,Non-Preferred,3821.9737089649107
Mammo,Non-Preferred,4818.053390872654
Mammo,Non-Preferred,4117.852127133495
Mammo,Non-Preferred,3769.3808854550334
Mammo,Non-Preferred,4544.733887292982
Mammo,Non-Preferred,3683.7471920761177
Mammo,Non-Preferred,4239.736675572217
Mammo,Non-Preferred,4217.356583164218
Mammo,Non-Preferred,4874.3653206496865
Mammo,Non-Preferred,4507.646920878712
Mammo,Non-Preferred,4207.811805903653
Mammo,Non-Preferred,4713.487760670912
Mammo,Non-Preferred,5056.952510561128
Mammo,Non-Preferred,4557.514164961857
Mammo,Non-Preferred,4229.039553056768
Mammo,Non-Preferred,3435.726241740644
Mammo,Non-Preferred,3583.7597833055165
Mammo,Non-Preferred,4039.6931585379393
Mammo,Non-Preferred,3857.1206598551703
Mammo,Non-Preferred,4110.645199359473
Mammo,Non-Preferred,4256.817936089004
Mammo,Non-Preferred,4540.643633764778
Mammo,Non-Preferred,4180.5287143152855
Mammo,Non-Preferred,4514.728967446461
Mammo,Non-Preferred,4261.512630036812
Mammo,Non-Preferred,3037.5480413384175
Mammo,Non-Preferred,3659.2267448594876
Mammo,Non-Preferred,4136.375447717771
Mammo,Non-Preferred,3497.0111354460755
Mammo,Non-Preferred,4582.785219148463
Mammo,Non-Preferred,5141.278480556958
Mammo,Non-Preferred,4954.08509216913
Mammo,Non-Preferred,4094.762258592615
Mammo,Non-Preferred,5117.263663260711
Mammo,Non-Preferred,4312.028455472007
Mammo,Non-Preferred,4020.5763984799164
Mammo,Non-Preferred,3854.7863830261763
Mammo,Non-Preferred,4041.346169257863
Mammo,Non-Preferred,3989.921890026003
Mammo,Non-Preferred,4325.077714576033
Mammo,Non-Preferred,4319.172369780659
Mammo,Non-Preferred,4224.655593242789
Mammo,Non-Preferred,4484.99088299855
Mammo,Non-Preferred,4937.215746022544
Mammo,Non-Preferred,4792.560462415534
Mammo,Non-Preferred,3331.8892000807978
Mammo,Non-Preferred,2690.475300209567
Mammo,Non-Preferred,4783.419927894304
Mammo,Non-Preferred,3402.7007621014873
Mammo,Non-Preferred,4087.9687400151297
Mammo,Non-Preferred,3520.7601655151243
Mammo,Non-Preferred,3141.639718602728
Mammo,Non-Preferred,4547.705618073613
Mammo,Non-Preferred,4678.321077332328
Mammo,Non-Preferred,3876.9217407147084
Mammo,Non-Preferred,2668.202605863794
Mammo,Non-Preferred,3895.0813121992505
Mammo,Non-Preferred,4457.910384392268
Mammo,Non-Preferred,3335.481039886263
Mammo,Non-Preferred,4332.843933018234
Mammo,Non-Preferred,4213.642071646943
Mammo,Non-Preferred,4570.402880911393
Mammo,Non-Preferred,4294.576202199232
Mammo,Non-Preferred,3638.9866166218067
Mammo,Non-Preferred,4940.770882149434
Mammo,Non-Preferred,4127.710237334558
Mammo,Non-Preferred,4206.4452574447805
Mammo,Non-Preferred,3662.8672057068225
Mammo,Non-Preferred,3956.8586304358337
Mammo,Non-Preferred,3691.9463527345997
Mammo,Non-Preferred,4119.060345196686
Mammo,Non-Preferred,5249.8530692361455
Mammo,Non-Preferred,3399.6872953919265
Mammo,Non-Preferred,3254.6911424246955
Mammo,Non-Preferred,5105.530177646905
Mammo,Non-Preferred,4097.23377485962
Mammo,Non-Preferred,3821.38433795479
Mammo,Non-Preferred,4846.770793588386
Mammo,Non-Preferred,3859.4586573086217
Mammo,Non-Preferred,5318.433809278902
Mammo,Non-Preferred,4629.583503954302
Mammo,Non-Preferred,3930.0811362633185
Mammo,Non-Preferred,5517.212909110042
Mammo,Non-Preferred,3859.399027348737
Mammo,Non-Preferred,4668.0852043563245
Mammo,Non-Preferred,4402.403529394635
Mammo,Non-Preferred,5003.872754790019
Mammo,Non-Preferred,5159.734699186852
Mammo,Non-Preferred,4242.0304705902
Mammo,Non-Preferred,3770.77725894303
Mammo,Non-Preferred,4498.81126691421
Mammo,Non-Preferred,3816.1987592994765
Mammo,Non-Preferred,5430.860329666713
Mammo,Non-Preferred,4304.749179800382
Mammo,Non-Preferred,4003.635050363475
Mammo,Non-Preferred,4333.636164669685
Mammo,Non-Preferred,3414.552207432922
Mammo,Non-Preferred,3639.859558044349
Mammo,Non-Preferred,4943.0763259173955
Mammo,Non-Preferred,3828.6914137679028
Fluoro,Preferred,2476.5445086590303
Fluoro,Preferred,3268.326376263643
Fluoro,Preferred,3592.8520773314985
Fluoro,Preferred,3359.4766553325335
Fluoro,Preferred,3498.023842902908
Fluoro,Preferred,2621.6024557152696
Fluoro,Preferred,2289.0946666290783
Fluoro,Preferred,3750.6668259777434
Fluoro,Preferred,2838.660080578932
Fluoro,Preferred,2874.5834917724765
Fluoro,Preferred,3664.097070924529
Fluoro,Preferred,3278.11500470033
Fluoro,Preferred,3227.9438860408036
Fluoro,Preferred,4082.501172450542
Fluoro,Preferred,2678.2408848099285
Fluoro,Preferred,3463.9200640406184
Fluoro,Preferred,3028.5065624485424
Fluoro,Preferred,3134.2961394316285
Fluoro,Preferred,3764.234213206266
Fluoro,Preferred,3253.9178781448118
Fluoro,Preferred,3269.1480395248163
Fluoro,Preferred,3536.253668654901
Fluoro,Preferred,2817.5236352285574
Fluoro,Preferred,2580.395166330497
Fluoro,Preferred,2477.5954029894833
Fluoro,Preferred,2016.8217053119993
Fluoro,Preferred,4028.103564970161
Fluoro,Preferred,2448.3958171391587
Fluoro,Preferred,2889.373188207114
Fluoro,Preferred,2861.5933500555398
Fluoro,Preferred,3153.7033489045502
Fluoro,Preferred,3407.8686062696484
Fluoro,Preferred,3430.236744179873
Fluoro,Preferred,2708.461280715531
Fluoro,Preferred,2916.4391431067943
Fluoro,Preferred,3141.28997524415
Fluoro,Preferred,2875.6544369082267
Fluoro,Preferred,3803.672788009996
Fluoro,Preferred,3245.487475819126
Fluoro,Preferred,3367.438893024909
Fluoro,Preferred,3331.4406343337064
Fluoro,Preferred,3586.7369287426627
Fluoro,Preferred,3090.5107793518537
Fluoro,Preferred,2351.5840260220766
Fluoro,Preferred,3199.8439758763207
Fluoro,Preferred,2674.3215531040855
Fluoro,Preferred,2735.6916591251215
Fluoro,Preferred,3293.182009377547
Fluoro,Preferred,3619.141535716818
Fluoro,Preferred,3010.6357883680307
Fluoro,Preferred,3154.416506299482
Fluoro,Preferred,3851.107472317619
Fluoro,Preferred,3120.376589744284
Fluoro,Preferred,4300.841557090198
Fluoro,Preferred,3282.754822815772
Fluoro,Preferred,2119.618620422091
Fluoro,Preferred,3376.670810552266
Fluoro,Preferred,3190.579192441389
Fluoro,Preferred,3644.876377041373
Fluoro,Preferred,3336.590675634979
Fluoro,Preferred,2930.772008008113
Fluoro,Preferred,2387.8508818553173
Fluoro,Preferred,2895.4883713569875
Fluoro,Preferred,2574.73977289535
Fluoro,Preferred,2709.7382750976385
Fluoro,Preferred,3294.2892022103047
Fluoro,Preferred,3834.952252175703
Fluoro,Preferred,3197.3357649114905
Fluoro,Preferred,2402.0584689824077
Fluoro,Preferred,3222.3013341100705
Fluoro,Preferred,3598.3157433228257
Fluoro,Preferred,2695.108547840309
Fluoro,Preferred,2932.9914166635413
Fluoro,Preferred,3007.3440973645984
Fluoro,Preferred,2607.55084345888
Fluoro,Preferred,3324.1402169219296
Fluoro,Preferred,2939.5259256961094
Fluoro,Preferred,3209.766221953514
Fluoro,Preferred,2556.25391109895
Fluoro,Preferred,2781.270849838295
Fluoro,Preferred,3361.1906789138857
Fluoro,Preferred,2813.5834239541164
Fluoro,Preferred,3863.4819256167025
Fluoro,Preferred,2800.181907192699
Fluoro,Preferred,3112.342362875943
Fluoro,Preferred,3466.295415936545
Fluoro,Preferred,2290.817133533484
Fluoro,Preferred,2119.595594009612
Fluoro,Preferred,2237.1718427149526
Fluoro,Preferred,3631.292051713591
Fluoro,Preferred,2724.070927053777
Fluoro,Preferred,4279.099642834126
Fluoro,Preferred,2717.876200671306
Fluoro,Preferred,3092.2756515985184
Fluoro,Preferred,3771.054976283938
Fluoro,Preferred,4003.0464440795613
Fluoro,Preferred,4030.751788318199
Fluoro,Preferred,3604.1831152965715
Fluoro,Preferred,3512.031262905731
Fluoro,Preferred,3296.2634746005915
Fluoro,Non-Preferred,4799.220460981983
Fluoro,Non-Preferred,4001.4923854848803
Fluoro,Non-Preferred,3841.284485228616
Fluoro,Non-Preferred,4330.179140835429
Fluoro,Non-Preferred,4230.093041767043
Fluoro,Non-Preferred,4060.2669856856355
Fluoro,Non-Preferred,4750.03628375603
Fluoro,Non-Preferred,4905.386940424307
Fluoro,Non-Preferred,4385.247947057109
Fluoro,Non-Preferred,5218.721863915158
Fluoro,Non-Preferred,3647.1903468018972
Fluoro,Non-Preferred,4216.008139714169
Fluoro,Non-Preferred,3902.1104229203174
Fluoro,Non-Preferred,3212.2818450381646
Fluoro,Non-Preferred,4282.595403776381
Fluoro,Non-Preferred,4259.15531025203
Fluoro,Non-Preferred,5240.273661227279
Fluoro,Non-Preferred,4710.690826014867
Fluoro,Non-Preferred,3717.6917206844773
Fluoro,Non-Preferred,5444.659355082514
Fluoro,Non-Preferred,5064.824032597212
Fluoro,Non-Preferred,4681.46243736317
Fluoro,Non-Preferred,4196.313355972101
Fluoro,Non-Preferred,3756.5402732479124
Fluoro,Non-Preferred,4108.879749639369
Fluoro,Non-Preferred,4985.452987104512
Fluoro,Non-Preferred,5462.9555988427655
Fluoro,Non-Preferred,5258.149932245314
Fluoro,Non-Preferred,4038.894162210236
Fluoro,Non-Preferred,3660.433355308594
Fluoro,Non-Preferred,4416.735563428723
Fluoro,Non-Preferred,3271.140195944289
Fluoro,Non-Preferred,4526.1044437928695
Fluoro,Non-Preferred,4243.642263502799
Fluoro,Non-Preferred,4052.581914161055
Fluoro,Non-Preferred,3375.3819749219233
Fluoro,Non-Preferred,4640.363879223831
Fluoro,Non-Preferred,4012.5833114848538
Fluoro,Non-Preferred,3630.2537138558278
Fluoro,Non-Preferred,2608.8464873130106
Fluoro,Non-Preferred,4315.694872251619
Fluoro,Non-Preferred,5395.554773283847
Fluoro,Non-Preferred,5328.959344010723
Fluoro,Non-Preferred,4057.946061330237
Fluoro,Non-Preferred,3970.8765790649322
Fluoro,Non-Preferred,4613.468368927015
Fluoro,Non-Preferred,3733.1725517690256
Fluoro,Non-Preferred,4513.2789551736805
Fluoro,Non-Preferred,4791.8519823128145
Fluoro,Non-Preferred,5068.363749612585
Fluoro,Non-Preferred,4272.111369394029
Fluoro,Non-Preferred,4209.999565175821
Fluoro,Non-Preferred,3805.4142632280636
Fluoro,Non-Preferred,3836.0756028580845
Fluoro,Non-Preferred,4196.316480141085
Fluoro,Non-Preferred,4552.623119371708
Fluoro,Non-Preferred,4880.35459102195
Fluoro,Non-Preferred,3850.2964448737935
Fluoro,Non-Preferred,5227.8169566577135
Fluoro,Non-Preferred,4169.52965465646
Fluoro,Non-Preferred,4319.383438672939
Fluoro,Non-Preferred,3883.8768077933064
Fluoro,Non-Preferred,2877.6596591182356
Fluoro,Non-Preferred,4862.63105309863
Fluoro,Non-Preferred,4774.310153537461
Fluoro,Non-Preferred,4163.407281011073
Fluoro,Non-Preferred,4372.398245616923
Fluoro,Non-Preferred,4641.76734590446
Fluoro,Non-Preferred,3394.676301150075
Fluoro,Non-Preferred,4014.7722088742235
Fluoro,Non-Preferred,4808.762623055097
Fluoro,Non-Preferred,3579.6301613804508
Fluoro,Non-Preferred,4508.338574581978
Fluoro,Non-Preferred,3518.2547325079577
Fluoro,Non-Preferred,4612.061804742117
Fluoro,Non-Preferred,4310.818925903511
Fluoro,Non-Preferred,3363.124725738695
Fluoro,Non-Preferred,5031.047427956303
Fluoro,Non-Preferred,3891.448869203171
Fluoro,Non-Preferred,3846.0523530733717
Fluoro,Non-Preferred,4452.545333620566
Fluoro,Non-Preferred,5021.38622493923
Fluoro,Non-Preferred,3722.7107238949625
Fluoro,Non-Preferred,4369.211725190784
Fluoro,Non-Preferred,4589.493715480345
Fluoro,Non-Preferred,4748.067179639887
Fluoro,Non-Preferred,4438.068748448336
Fluoro,Non-Preferred,4111.987111832007
Fluoro,Non-Preferred,3835.649682892769
Fluoro,Non-Preferred,4383.890145109825
Fluoro,Non-Preferred,3688.9204080906366
Fluoro,Non-Preferred,2579.3935251852363
Fluoro,Non-Preferred,4594.139697776602
Fluoro,Non-Preferred,4874.564719933718
Fluoro,Non-Preferred,2914.4443539568974
Fluoro,Non-Preferred,3726.365392456038
Fluoro,Non-Preferred,4703.696371885119
Fluoro,Non-Preferred,5566.701097109019
Fluoro,Non-Preferred,4344.680039887246
Fluoro,Non-Preferred,3895.4020505445196
IR,Preferred,2908.55177944758
IR,Preferred,3687.4382095740925
IR,Preferred,2677.017910437732
IR,Preferred,2600.4039966748733
IR,Preferred,2758.628238908984
IR,Preferred,2523.3356958706436
IR,Preferred,3061.335157997398
IR,Preferred,3812.3392292347803
IR,Preferred,3161.5396365580145
IR,Preferred,2873.823248936856
IR,Preferred,2854.094365542228
IR,Preferred,2218.4045956516716
IR,Preferred,3441.5548885735793
IR,Preferred,2961.081401493599
IR,Preferred,2909.760043204687
IR,Preferred,4596.553783922431
IR,Preferred,3149.376454182843
IR,Preferred,2624.104474952408
IR,Preferred,2786.8212018972285
IR,Preferred,3574.222854598377
IR,Preferred,3056.635205268882
IR,Preferred,2280.861010841317
IR,Preferred,3459.6144672876017
IR,Preferred,2665.927957230503
IR,Preferred,3936.6488881087726
IR,Preferred,3540.0240328573245
IR,Preferred,2776.339052170624
IR,Preferred,3640.5081808675563
IR,Preferred,3033.927755263702
IR,Preferred,3426.3868375611096
IR,Preferred,3242.366408647237
IR,Preferred,2576.821672504563
IR,Preferred,2678.225083841269
IR,Preferred,3514.9804087905804
IR,Preferred,2832.6123339467294
IR,Preferred,2798.1757683790015
IR,Preferred,2522.4387103253234
IR,Preferred,3211.7995327967305
IR,Preferred,4031.262459621573
IR,Preferred,2466.233542872864
IR,Preferred,3012.1097283363792
IR,Preferred,3706.110277707715
IR,Preferred,2960.179304377142
IR,Preferred,3226.185898124867
IR,Preferred,2468.80323592656
IR,Preferred,3214.153548603824
IR,Preferred,2906.4278674977254
IR,Preferred,3492.8649978399317
IR,Preferred,3593.6930257823756
IR,Preferred,4294.781821009306
IR,Preferred,3289.816586606788
IR,Preferred,3162.8981582910833
IR,Preferred,3097.192150788668
IR,Preferred,2823.416853594656
IR,Preferred,3169.2419217308457
IR,Preferred,2852.2992949304853
IR,Preferred,3084.2304881348073
IR,Preferred,3658.79876780398
IR,Preferred,2496.7287173601794
IR,Preferred,3569.939280564523
IR,Preferred,3658.5575336699326
IR,Preferred,2940.9657365044604
IR,Preferred,1939.0725504957027
IR,Preferred,2696.089006452784
IR,Preferred,3648.4972732805545
IR,Preferred,2988.565968850559
IR,Preferred,2500.3488838525445
IR,Preferred,2747.612539385891
IR,Preferred,3420.3100132522763
IR,Preferred,3273.3667841006895
IR,Preferred,2880.533950415153
IR,Preferred,2816.587794092656
IR,Preferred,2804.1209254780892
IR,Preferred,2538.7949077507487
IR,Preferred,3807.687844734721
IR,Preferred,2838.8397653943302
IR,Preferred,3608.579260412748
IR,Preferred,3760.6580259612256
IR,Preferred,3499.15544907398
IR,Preferred,2784.1898436409756
IR,Preferred,3201.8650451683047
IR,Preferred,2987.9021968045417
IR,Preferred,2548.149069634936
IR,Preferred,3162.1796408608016
IR,Preferred,2410.4801044200985
IR,Preferred,3593.839694230782
IR,Preferred,2767.6913513508034
IR,Preferred,3100.57982793642
IR,Preferred,3141.643935773071
IR,Preferred,2870.547513147961
IR,Preferred,3293.3469007376375
IR,Preferred,2762.548171688738
IR,Preferred,3435.648648728622
IR,Preferred,2327.010159876626
IR,Preferred,3063.189789773206
IR,Preferred,3969.4644995291424
IR,Preferred,2499.8343376972125
IR,Preferred,2661.127514737574
IR,Preferred,3256.9539248294577
IR,Preferred,3089.790890969799
IR,Non-Preferred,4492.861816329644
IR,Non-Preferred,4575.996034854106
IR,Non-Preferred,4663.316637902571
IR,Non-Preferred,4948.303661939242
IR,Non-Preferred,4528.374950922616
IR,Non-Preferred,4137.729163994383
IR,Non-Preferred,4686.027977487147
IR,Non-Preferred,5422.412917702638
IR,Non-Preferred,4202.903508935964
IR,Non-Preferred,3697.766173963124
IR,Non-Preferred,4946.732158337692
IR,Non-Preferred,4210.25505839335
IR,Non-Preferred,2978.882029157087
IR,Non-Preferred,4790.936763055762
IR,Non-Preferred,3961.286845193155
IR,Non-Preferred,4228.163787383012
IR,Non-Preferred,4481.671955106917
IR,Non-Preferred,4396.783564632949
IR,Non-Preferred,4708.154847048932
IR,Non-Preferred,4021.1919344236026
IR,Non-Preferred,4590.347235671158
IR,Non-Preferred,4126.7557502151585
IR,Non-Preferred,4725.770045298011
IR,Non-Preferred,4651.70424717334
IR,Non-Preferred,3721.2205355387514
IR,Non-Preferred,4934.073026470528
IR,Non-Preferred,3960.9056896970797
IR,Non-Preferred,4767.318435734196
IR,Non-Preferred,4502.856144806313
IR,Non-Preferred,5385.393962842582
IR,Non-Preferred,4148.404167342397
IR,Non-Preferred,4072.89367909459
IR,Non-Preferred,4270.831993232869
IR,Non-Preferred,4100.575887064943
IR,Non-Preferred,4762.448897930739
IR,Non-Preferred,3312.6973917035557
IR,Non-Preferred,3650.274305277696
IR,Non-Preferred,3641.802003817993
IR,Non-Preferred,4852.668311949654
IR,Non-Preferred,5308.851780314664
IR,Non-Preferred,4219.814225643026
IR,Non-Preferred,4181.190722851502
IR,Non-Preferred,4324.515054633417
IR,Non-Preferred,4979.6107383304225
IR,Non-Preferred,3726.071876251164
IR,Non-Preferred,4425.50514640638
IR,Non-Preferred,4867.602334634967
IR,Non-Preferred,4583.140258729416
IR,Non-Preferred,4396.232726724755
IR,Non-Preferred,4883.111412305793
IR,Non-Preferred,2660.5443809659664
IR,Non-Preferred,4689.2089484840535
IR,Non-Preferred,3890.038346889054
IR,Non-Preferred,3184.1040186516348
IR,Non-Preferred,4589.205316480497
IR,Non-Preferred,5106.678883863283
IR,Non-Preferred,4200.014647988894
IR,Non-Preferred,4854.208485087272
IR,Non-Preferred,5249.850711558696
IR,Non-Preferred,5071.432428915937
IR,Non-Preferred,5266.462474388344
IR,Non-Preferred,4727.760251408644
IR,Non-Preferred,4327.743940106464
IR,Non-Preferred,3321.3042696272078
IR,Non-Preferred,4134.84626388754
IR,Non-Preferred,3776.5357995757936
IR,Non-Preferred,5585.049387264196
IR,Non-Preferred,4176.952269306106
IR,Non-Preferred,4356.4066408362
IR,Non-Preferred,4613.374982389789
IR,Non-Preferred,4308.64522458898
IR,Non-Preferred,5299.514381023961
IR,Non-Preferred,3908.8941397248373
IR,Non-Preferred,4399.248229907854
IR,Non-Preferred,3837.00140534668
IR,Non-Preferred,3490.470250033085
IR,Non-Preferred,3915.4223022223373
IR,Non-Preferred,4260.261678536462
IR,Non-Preferred,4024.902422055153
IR,Non-Preferred,3867.031168841195
IR,Non-Preferred,3438.6932785624085
IR,Non-Preferred,4232.620413188291
IR,Non-Preferred,3379.6515323469075
IR,Non-Preferred,4738.51733497927
IR,Non-Preferred,4331.94760852621
IR,Non-Preferred,3407.9528570865505
IR,Non-Preferred,4096.9583105355905
IR,Non-Preferred,3831.1899134111586
IR,Non-Preferred,4473.988463017017
IR,Non-Preferred,5086.754024379396
IR,Non-Preferred,3157.3802749780616
IR,Non-Preferred,4351.499404253959
IR,Non-Preferred,4186.404079425524
IR,Non-Preferred,4685.2878026357885
IR,Non-Preferred,4410.401733708122
IR,Non-Preferred,3831.302157722217
IR,Non-Preferred,4091.0513953655377
IR,Non-Preferred,3804.8682426834152
IR,Non-Preferred,4928.088039924667
IR,Non-Preferred,4295.2707459686735
